{
  "project_info": {
    "project_number": "285116727069",
    "firebase_url": "https://fir-uploadexample-97b19.firebaseio.com",
    "project_id": "fir-uploadexample-97b19",
    "storage_bucket": "fir-uploadexample-97b19.appspot.com"
  },
  "client": [
    {
      "client_info": {
        "mobilesdk_app_id": "1:285116727069:android:87e59957a3330255132bf4",
        "android_client_info": {
          "package_name": "com.example.firebaseuploadexample"
        }
      },
      "oauth_client": [
        {
          "client_id": "285116727069-8psomd8psd7123ik64qe7ll4cav4djvo.apps.googleusercontent.com",
          "client_type": 1,
          "android_info": {
            "package_name": "com.example.firebaseuploadexample",
            "certificate_hash": "3a8b9f3ff3b5a6432ea1bea4bf127aeb1ab984ea"
          }
        },
        {
          "client_id": "285116727069-ek1qodufld60cf7418140u8e6fmp9aab.apps.googleusercontent.com",
          "client_type": 3
        }
      ],
      "api_key": [
        {
          "current_key": "AIzaSyAjE-YS7Z9RO0d17R6aejjbQrMDWmfTTTk"
        }
      ],
      "services": {
        "appinvite_service": {
          "other_platform_oauth_client": [
            {
              "client_id": "285116727069-ek1qodufld60cf7418140u8e6fmp9aab.apps.googleusercontent.com",
              "client_type": 3
            }
          ]
        }
      }
    }
  ],
  "configuration_version": "1"
}